<?xml version="1.0" encoding="UTF-8"?>

<document>
    <documentData/>
    <page width="2340" height="1654" rotation ="Normal" resolution="200" originalCoords="1">
        <block blockType="text" b="182" r="491" t="159" l="198">
            <text>
                <par>
                    <line baseline="177" b="178" r="487" t="163" l="202">
                        <formatting ff="Courier New" fs="7.5">
                            <wordRecVariants>
                                <wordRecVariant b="177" r="317" t="163" l="202">NUSAJAYA</wordRecVariant>
                                <wordRecVariant b="177" r="402" t="163" l="345">TECH</wordRecVariant>
                                <wordRecVariant b="178" r="487" t="163" l="431">PARK</wordRecVariant>
                            </wordRecVariants>
                        </formatting>
                    </line>
                </par>
            </text>
        </block>
        <block blockType="text" b="185" r="1038" t="158" l="555">
            <text>
                <par>
                    <line baseline="178" b="181" r="1034" t="162" l="559">
                        <formatting ff="Courier New" fs="7.5">
                            <wordRecVariants>
                                <wordRecVariant b="178" r="643" t="164" l="559">PARCEL</wordRecVariant>
                                <wordRecVariant b="178" r="672" t="164" l="657">A</wordRecVariant>
                                <wordRecVariant b="180" r="771" t="162" l="692">(PHASE</wordRecVariant>
                                <wordRecVariant b="178" r="841" t="163" l="787">1A-1</wordRecVariant>
                                <wordRecVariant b="179" r="870" t="165" l="857">&amp;</wordRecVariant>
                                <wordRecVariant b="179" r="955" t="164" l="885">PHASE</wordRecVariant>
                                <wordRecVariant b="181" r="1034" t="163" l="971">1A-2)</wordRecVariant>
                            </wordRecVariants>
                        </formatting>
                    </line>
                </par>
            </text>
        </block>
        <block blockType="text" b="180" r="2125" t="157" l="1949">
            <text>
                <par>
                    <line baseline="175" b="176" r="2121" t="161" l="1953">
                        <formatting ff="Courier New" fs="7.5">
                            <wordRecVariants>
                                <wordRecVariant b="176" r="2038" t="161" l="1953">PILING</wordRecVariant>
                                <wordRecVariant b="176" r="2121" t="161" l="2051">WORKS</wordRecVariant>
                            </wordRecVariants>
                        </formatting>
                    </line>
                </par>
            </text>
        </block>
        <block blockType="text" b="266" r="2121" t="216" l="1546">
            <text>
                <par>
                    <line baseline="234" b="238" r="2117" t="220" l="1550">
                        <formatting ff="Courier New" fs="7.5">
                            <wordRecVariants>
                                <wordRecVariant b="234" r="1606" t="220" l="1550">BILL</wordRecVariant>
                                <wordRecVariant b="235" r="1687" t="220" l="1648">NO.</wordRecVariant>
                                <wordRecVariant b="235" r="1746" t="220" l="1735">2</wordRecVariant>
                                <wordRecVariant b="230" r="1802" t="227" l="1793">-</wordRecVariant>
                                <wordRecVariant b="236" r="1933" t="221" l="1848">PILING</wordRecVariant>
                                <wordRecVariant b="236" r="2031" t="221" l="1960">WORKS</wordRecVariant>
                                <wordRecVariant b="238" r="2117" t="220" l="2067">[ALL</wordRecVariant>
                            </wordRecVariants>
                        </formatting>
                    </line>
                </par>
                <par>
                    <line baseline="260" b="262" r="1869" t="245" l="1551">
                        <formatting ff="Courier New" fs="7.5">
                            <wordRecVariants>
                                <wordRecVariant b="260" r="1705" t="245" l="1551">PROVISIONAL</wordRecVariant>
                                <wordRecVariant b="262" r="1869" t="245" l="1721">QUANTITIES]</wordRecVariant>
                            </wordRecVariants>
                        </formatting>
                    </line>
                </par>
            </text>
        </block>
        <block blockType="table" b="1488" r="2127" t="264" l="192">
            <row>
                <cell height="97" width="92" b="361" r="284" t="264" l="192" rowSpan="2">
                    <text>
                        <par>
                            <line baseline="311" b="311" r="271" t="297" l="215">
                                <formatting ff="Courier New" fs="8.5">
                                    <wordRecVariants>
                                        <wordRecVariant b="311" r="271" t="297" l="215">Item</wordRecVariant>
                                    </wordRecVariants>
                                </formatting>
                            </line>
                        </par>
                    </text>
                </cell>
                <cell height="97" width="614" b="361" r="898" t="264" l="284" rowSpan="2">
                    <text>
                        <par>
                            <line baseline="312" b="316" r="668" t="296" l="511">
                                <formatting ff="Courier New" fs="8.5">
                                    <wordRecVariants>
                                        <wordRecVariant b="316" r="668" t="296" l="511">Description</wordRecVariant>
                                    </wordRecVariants>
                                </formatting>
                            </line>
                        </par>
                    </text>
                </cell>
                <cell height="97" width="125" b="361" r="1023" t="264" l="898" rowSpan="2">
                    <text>
                        <par>
                            <line baseline="313" b="313" r="996" t="297" l="941">
                                <formatting ff="Courier New" fs="8.5">
                                    <wordRecVariants>
                                        <wordRecVariant b="313" r="996" t="297" l="941">Unit</wordRecVariant>
                                    </wordRecVariants>
                                </formatting>
                            </line>
                        </par>
                    </text>
                </cell>
                <cell height="97" width="200" b="361" r="1223" t="264" l="1023" rowSpan="2">
                    <text>
                        <par>
                            <line baseline="314" b="314" r="1146" t="299" l="1090">
                                <formatting ff="Courier New" fs="8.5">
                                    <wordRecVariants>
                                        <wordRecVariant b="314" r="1146" t="299" l="1090">Rate</wordRecVariant>
                                    </wordRecVariants>
                                </formatting>
                            </line>
                        </par>
                    </text>
                </cell>
                <cell height="62" width="449" b="326" r="1672" t="264" l="1223" colSpan="2">
                    <text>
                        <par>
                            <line baseline="291" b="291" r="1536" t="276" l="1358">
                                <formatting ff="Courier New" fs="8.5">
                                    <wordRecVariants>
                                        <wordRecVariant b="291" r="1465" t="276" l="1358">SECTION'</wordRecVariant>
                                        <wordRecVariant b="291" r="1536" t="276" l="1472">1A-1'</wordRecVariant>
                                    </wordRecVariants>
                                </formatting>
                            </line>
                        </par>
                    </text>
                </cell>
                <cell height="62" width="455" b="326" r="2127" t="264" l="1672" colSpan="2">
                    <text>
                        <par>
                            <line baseline="293" b="293" r="1988" t="278" l="1810">
                                <formatting ff="Courier New" fs="8.5">
                                    <wordRecVariants>
                                        <wordRecVariant b="293" r="1917" t="278" l="1810">SECTION'</wordRecVariant>
                                        <wordRecVariant b="293" r="1988" t="278" l="1924">1A-2'</wordRecVariant>
                                    </wordRecVariants>
                                </formatting>
                            </line>
                        </par>
                    </text>
                </cell>
            </row>
            <row>
                <cell height="35" width="175" b="361" r="1398" t="326" l="1223">
                    <text>
                        <par>
                            <line baseline="348" b="352" r="1371" t="331" l="1258">
                                <formatting ff="Courier New" fs="8.5">
                                    <wordRecVariants>
                                        <wordRecVariant b="352" r="1371" t="331" l="1258">Quantity</wordRecVariant>
                                    </wordRecVariants>
                                </formatting>
                            </line>
                        </par>
                    </text>
                </cell>
                <cell height="35" width="274" b="361" r="1672" t="326" l="1398">
                    <text>
                        <par>
                            <line baseline="349" b="349" r="1582" t="334" l="1497">
                                <formatting ff="Courier New" fs="8.5">
                                    <wordRecVariants>
                                        <wordRecVariant b="349" r="1582" t="334" l="1497">Amount</wordRecVariant>
                                    </wordRecVariants>
                                </formatting>
                            </line>
                        </par>
                    </text>
                </cell>
                <cell height="35" width="176" b="361" r="1848" t="326" l="1672">
                    <text>
                        <par>
                            <line baseline="350" b="354" r="1824" t="333" l="1711">
                                <formatting ff="Courier New" fs="8.5">
                                    <wordRecVariants>
                                        <wordRecVariant b="354" r="1824" t="333" l="1711">Quantity</wordRecVariant>
                                    </wordRecVariants>
                                </formatting>
                            </line>
                        </par>
                    </text>
                </cell>
                <cell height="35" width="279" b="361" r="2127" t="326" l="1848">
                    <text>
                        <par>
                            <line baseline="350" b="350" r="2033" t="336" l="1948">
                                <formatting ff="Courier New" fs="8.5">
                                    <wordRecVariants>
                                        <wordRecVariant b="350" r="2033" t="336" l="1948">Amount</wordRecVariant>
                                    </wordRecVariants>
                                </formatting>
                            </line>
                        </par>
                    </text>
                </cell>
            </row>
            <row>
                <cell height="34" width="92" b="395" r="284" t="361" l="192">
                    <text>
                        <par>
                            <line baseline="-1" b="0" r="0" t="0" l="0">
                                <formatting ff="Courier New" fs="8.5">
                                    <wordRecVariants/>
                                </formatting>
                            </line>
                        </par>
                    </text>
                </cell>
                <cell height="34" width="614" b="395" r="898" t="361" l="284">
                    <text>
                        <par>
                            <line baseline="387" b="388" r="628" t="373" l="302">
                                <formatting ff="Courier New" fs="8.5">
                                    <wordRecVariants>
                                        <wordRecVariant b="387" r="401" t="373" l="302">PRECAST</wordRecVariant>
                                        <wordRecVariant b="388" r="528" t="373" l="416">CONCRETE</wordRecVariant>
                                        <wordRecVariant b="388" r="628" t="373" l="544">PILING</wordRecVariant>
                                    </wordRecVariants>
                                </formatting>
                            </line>
                        </par>
                    </text>
                </cell>
                <cell height="34" width="125" b="395" r="1023" t="361" l="898">
                    <text>
                        <par>
                            <line baseline="-1" b="0" r="0" t="0" l="0">
                                <formatting ff="Courier New" fs="8.5">
                                    <wordRecVariants/>
                                </formatting>
                            </line>
                        </par>
                    </text>
                </cell>
                <cell height="34" width="200" b="395" r="1223" t="361" l="1023">
                    <text>
                        <par>
                            <line baseline="-1" b="0" r="0" t="0" l="0">
                                <formatting ff="Courier New" fs="8.5">
                                    <wordRecVariants/>
                                </formatting>
                            </line>
                        </par>
                    </text>
                </cell>
                <cell height="34" width="175" b="395" r="1398" t="361" l="1223">
                    <text>
                        <par>
                            <line baseline="-1" b="0" r="0" t="0" l="0">
                                <formatting ff="Courier New" fs="8.5">
                                    <wordRecVariants/>
                                </formatting>
                            </line>
                        </par>
                    </text>
                </cell>
                <cell height="34" width="274" b="395" r="1672" t="361" l="1398">
                    <text>
                        <par>
                            <line baseline="-1" b="0" r="0" t="0" l="0">
                                <formatting ff="Courier New" fs="8.5">
                                    <wordRecVariants/>
                                </formatting>
                            </line>
                        </par>
                    </text>
                </cell>
                <cell height="34" width="176" b="395" r="1848" t="361" l="1672">
                    <text>
                        <par>
                            <line baseline="-1" b="0" r="0" t="0" l="0">
                                <formatting ff="Courier New" fs="8.5">
                                    <wordRecVariants/>
                                </formatting>
                            </line>
                        </par>
                    </text>
                </cell>
                <cell height="34" width="279" b="395" r="2127" t="361" l="1848">
                    <text>
                        <par>
                            <line baseline="-1" b="0" r="0" t="0" l="0">
                                <formatting ff="Courier New" fs="8.5">
                                    <wordRecVariants/>
                                </formatting>
                            </line>
                        </par>
                    </text>
                </cell>
            </row>
            <row>
                <cell height="47" width="92" b="442" r="284" t="395" l="192">
                    <text>
                        <par>
                            <line baseline="-1" b="0" r="0" t="0" l="0">
                                <formatting ff="Courier New" fs="8.5">
                                    <wordRecVariants/>
                                </formatting>
                            </line>
                        </par>
                    </text>
                </cell>
                <cell height="47" width="614" b="442" r="898" t="395" l="284">
                    <text>
                        <par>
                            <line baseline="419" b="421" r="870" t="403" l="769">
                                <formatting ff="Courier New" fs="8.5">
                                    <wordRecVariants>
                                        <wordRecVariant b="421" r="832" t="403" l="769">(Cont</wordRecVariant>
                                        <wordRecVariant b="413" r="842" t="405" l="839">'</wordRecVariant>
                                        <wordRecVariant b="421" r="870" t="403" l="849">d)</wordRecVariant>
                                    </wordRecVariants>
                                </formatting>
                            </line>
                        </par>
                    </text>
                </cell>
                <cell height="47" width="125" b="442" r="1023" t="395" l="898">
                    <text>
                        <par>
                            <line baseline="-1" b="0" r="0" t="0" l="0">
                                <formatting ff="Courier New" fs="8.5">
                                    <wordRecVariants/>
                                </formatting>
                            </line>
                        </par>
                    </text>
                </cell>
                <cell height="47" width="200" b="442" r="1223" t="395" l="1023">
                    <text>
                        <par>
                            <line baseline="-1" b="0" r="0" t="0" l="0">
                                <formatting ff="Courier New" fs="8.5">
                                    <wordRecVariants/>
                                </formatting>
                            </line>
                        </par>
                    </text>
                </cell>
                <cell height="47" width="175" b="442" r="1398" t="395" l="1223">
                    <text>
                        <par>
                            <line baseline="-1" b="0" r="0" t="0" l="0">
                                <formatting ff="Courier New" fs="8.5">
                                    <wordRecVariants/>
                                </formatting>
                            </line>
                        </par>
                    </text>
                </cell>
                <cell height="47" width="274" b="442" r="1672" t="395" l="1398">
                    <text>
                        <par>
                            <line baseline="-1" b="0" r="0" t="0" l="0">
                                <formatting ff="Courier New" fs="8.5">
                                    <wordRecVariants/>
                                </formatting>
                            </line>
                        </par>
                    </text>
                </cell>
                <cell height="47" width="176" b="442" r="1848" t="395" l="1672">
                    <text>
                        <par>
                            <line baseline="-1" b="0" r="0" t="0" l="0">
                                <formatting ff="Courier New" fs="8.5">
                                    <wordRecVariants/>
                                </formatting>
                            </line>
                        </par>
                    </text>
                </cell>
                <cell height="47" width="279" b="442" r="2127" t="395" l="1848">
                    <text>
                        <par>
                            <line baseline="-1" b="0" r="0" t="0" l="0">
                                <formatting ff="Courier New" fs="8.5">
                                    <wordRecVariants/>
                                </formatting>
                            </line>
                        </par>
                    </text>
                </cell>
            </row>
            <row>
                <cell height="45" width="92" b="487" r="284" t="442" l="192">
                    <text>
                        <par>
                            <line baseline="-1" b="0" r="0" t="0" l="0">
                                <formatting ff="Courier New" fs="8.5">
                                    <wordRecVariants/>
                                </formatting>
                            </line>
                        </par>
                    </text>
                </cell>
                <cell height="45" width="614" b="487" r="898" t="442" l="284">
                    <text>
                        <par>
                            <line baseline="479" b="482" r="868" t="463" l="302">
                                <formatting ff="Courier New" fs="8.5">
                                    <wordRecVariants>
                                        <wordRecVariant b="479" r="358" t="465" l="302">Form</wordRecVariant>
                                        <wordRecVariant b="479" r="442" t="463" l="388">full</wordRecVariant>
                                        <wordRecVariant b="480" r="628" t="464" l="472">butt-welded</wordRecVariant>
                                        <wordRecVariant b="480" r="784" t="463" l="657">extension</wordRecVariant>
                                        <wordRecVariant b="482" r="868" t="464" l="799">-joint</wordRecVariant>
                                    </wordRecVariants>
                                </formatting>
                            </line>
                        </par>
                    </text>
                </cell>
                <cell height="45" width="125" b="487" r="1023" t="442" l="898">
                    <text>
                        <par>
                            <line baseline="-1" b="0" r="0" t="0" l="0">
                                <formatting ff="Courier New" fs="8.5">
                                    <wordRecVariants/>
                                </formatting>
                            </line>
                        </par>
                    </text>
                </cell>
                <cell height="45" width="200" b="487" r="1223" t="442" l="1023">
                    <text>
                        <par>
                            <line baseline="-1" b="0" r="0" t="0" l="0">
                                <formatting ff="Courier New" fs="8.5">
                                    <wordRecVariants/>
                                </formatting>
                            </line>
                        </par>
                    </text>
                </cell>
                <cell height="45" width="175" b="487" r="1398" t="442" l="1223">
                    <text>
                        <par>
                            <line baseline="-1" b="0" r="0" t="0" l="0">
                                <formatting ff="Courier New" fs="8.5">
                                    <wordRecVariants/>
                                </formatting>
                            </line>
                        </par>
                    </text>
                </cell>
                <cell height="45" width="274" b="487" r="1672" t="442" l="1398">
                    <text>
                        <par>
                            <line baseline="-1" b="0" r="0" t="0" l="0">
                                <formatting ff="Courier New" fs="8.5">
                                    <wordRecVariants/>
                                </formatting>
                            </line>
                        </par>
                    </text>
                </cell>
                <cell height="45" width="176" b="487" r="1848" t="442" l="1672">
                    <text>
                        <par>
                            <line baseline="-1" b="0" r="0" t="0" l="0">
                                <formatting ff="Courier New" fs="8.5">
                                    <wordRecVariants/>
                                </formatting>
                            </line>
                        </par>
                    </text>
                </cell>
                <cell height="45" width="279" b="487" r="2127" t="442" l="1848">
                    <text>
                        <par>
                            <line baseline="-1" b="0" r="0" t="0" l="0">
                                <formatting ff="Courier New" fs="8.5">
                                    <wordRecVariants/>
                                </formatting>
                            </line>
                        </par>
                    </text>
                </cell>
            </row>
            <row>
                <cell height="47" width="92" b="534" r="284" t="487" l="192">
                    <text>
                        <par>
                            <line baseline="-1" b="0" r="0" t="0" l="0">
                                <formatting ff="Courier New" fs="8.5">
                                    <wordRecVariants/>
                                </formatting>
                            </line>
                        </par>
                    </text>
                </cell>
                <cell height="47" width="614" b="534" r="898" t="487" l="284">
                    <text>
                        <par>
                            <line baseline="510" b="513" r="807" t="494" l="301">
                                <formatting ff="Courier New" fs="8.5">
                                    <wordRecVariants>
                                        <wordRecVariant b="511" r="400" t="494" l="301">between</wordRecVariant>
                                        <wordRecVariant b="511" r="557" t="494" l="416">connection</wordRecVariant>
                                        <wordRecVariant b="513" r="655" t="495" l="571">plates</wordRecVariant>
                                        <wordRecVariant b="511" r="712" t="495" l="671">all</wordRecVariant>
                                        <wordRecVariant b="512" r="807" t="496" l="728">round:</wordRecVariant>
                                    </wordRecVariants>
                                </formatting>
                            </line>
                        </par>
                    </text>
                </cell>
                <cell height="47" width="125" b="534" r="1023" t="487" l="898">
                    <text>
                        <par>
                            <line baseline="-1" b="0" r="0" t="0" l="0">
                                <formatting ff="Courier New" fs="8.5">
                                    <wordRecVariants/>
                                </formatting>
                            </line>
                        </par>
                    </text>
                </cell>
                <cell height="47" width="200" b="534" r="1223" t="487" l="1023">
                    <text>
                        <par>
                            <line baseline="-1" b="0" r="0" t="0" l="0">
                                <formatting ff="Courier New" fs="8.5">
                                    <wordRecVariants/>
                                </formatting>
                            </line>
                        </par>
                    </text>
                </cell>
                <cell height="47" width="175" b="534" r="1398" t="487" l="1223">
                    <text>
                        <par>
                            <line baseline="-1" b="0" r="0" t="0" l="0">
                                <formatting ff="Courier New" fs="8.5">
                                    <wordRecVariants/>
                                </formatting>
                            </line>
                        </par>
                    </text>
                </cell>
                <cell height="47" width="274" b="534" r="1672" t="487" l="1398">
                    <text>
                        <par>
                            <line baseline="-1" b="0" r="0" t="0" l="0">
                                <formatting ff="Courier New" fs="8.5">
                                    <wordRecVariants/>
                                </formatting>
                            </line>
                        </par>
                    </text>
                </cell>
                <cell height="47" width="176" b="534" r="1848" t="487" l="1672">
                    <text>
                        <par>
                            <line baseline="-1" b="0" r="0" t="0" l="0">
                                <formatting ff="Courier New" fs="8.5">
                                    <wordRecVariants/>
                                </formatting>
                            </line>
                        </par>
                    </text>
                </cell>
                <cell height="47" width="279" b="534" r="2127" t="487" l="1848">
                    <text>
                        <par>
                            <line baseline="-1" b="0" r="0" t="0" l="0">
                                <formatting ff="Courier New" fs="8.5">
                                    <wordRecVariants/>
                                </formatting>
                            </line>
                        </par>
                    </text>
                </cell>
            </row>
            <row>
                <cell height="62" width="92" b="596" r="284" t="534" l="192">
                    <text>
                        <par>
                            <line baseline="571" b="571" r="249" t="557" l="234">
                                <formatting ff="Courier New" fs="8.5">
                                    <wordRecVariants>
                                        <wordRecVariant b="571" r="249" t="557" l="234">A</wordRecVariant>
                                    </wordRecVariants>
                                </formatting>
                            </line>
                        </par>
                    </text>
                </cell>
                <cell height="62" width="614" b="596" r="898" t="534" l="284">
                    <text>
                        <par>
                            <line baseline="571" b="576" r="555" t="555" l="302">
                                <formatting ff="Courier New" fs="8.5">
                                    <wordRecVariants>
                                        <wordRecVariant b="572" r="372" t="557" l="302">150mm</wordRecVariant>
                                        <wordRecVariant b="571" r="401" t="560" l="386">x</wordRecVariant>
                                        <wordRecVariant b="572" r="486" t="557" l="416">150mm</wordRecVariant>
                                        <wordRecVariant b="576" r="555" t="555" l="499">pile</wordRecVariant>
                                    </wordRecVariants>
                                </formatting>
                            </line>
                        </par>
                    </text>
                </cell>
                <cell height="62" width="125" b="596" r="1023" t="534" l="898">
                    <text>
                        <par>
                            <line baseline="573" b="573" r="978" t="558" l="940">
                                <formatting ff="Courier New" fs="8.5">
                                    <wordRecVariants>
                                        <wordRecVariant b="573" r="978" t="558" l="940">No.</wordRecVariant>
                                    </wordRecVariants>
                                </formatting>
                            </line>
                        </par>
                    </text>
                </cell>
                <cell height="62" width="200" b="596" r="1223" t="534" l="1023">
                    <text>
                        <par>
                            <line baseline="-1" b="0" r="0" t="0" l="0">
                                <formatting ff="Courier New" fs="8.5">
                                    <wordRecVariants/>
                                </formatting>
                            </line>
                        </par>
                    </text>
                </cell>
                <cell height="62" width="175" b="596" r="1398" t="534" l="1223">
                    <text>
                        <par>
                            <line baseline="574" b="574" r="1379" t="559" l="1341">
                                <formatting ff="Courier New" fs="8.5">
                                    <wordRecVariants>
                                        <wordRecVariant b="574" r="1379" t="559" l="1341">522</wordRecVariant>
                                    </wordRecVariants>
                                </formatting>
                            </line>
                        </par>
                    </text>
                </cell>
                <cell height="62" width="274" b="596" r="1672" t="534" l="1398">
                    <text>
                        <par>
                            <line baseline="-1" b="0" r="0" t="0" l="0">
                                <formatting ff="Courier New" fs="8.5">
                                    <wordRecVariants/>
                                </formatting>
                            </line>
                        </par>
                    </text>
                </cell>
                <cell height="62" width="176" b="596" r="1848" t="534" l="1672">
                    <text>
                        <par>
                            <line baseline="575" b="575" r="1829" t="561" l="1790">
                                <formatting ff="Courier New" fs="8.5">
                                    <wordRecVariants>
                                        <wordRecVariant b="575" r="1829" t="561" l="1790">522</wordRecVariant>
                                    </wordRecVariants>
                                </formatting>
                            </line>
                        </par>
                    </text>
                </cell>
                <cell height="62" width="279" b="596" r="2127" t="534" l="1848">
                    <text>
                        <par>
                            <line baseline="-1" b="0" r="0" t="0" l="0">
                                <formatting ff="Courier New" fs="8.5">
                                    <wordRecVariants/>
                                </formatting>
                            </line>
                        </par>
                    </text>
                </cell>
            </row>
            <row>
                <cell height="61" width="92" b="657" r="284" t="596" l="192">
                    <text>
                        <par>
                            <line baseline="632" b="632" r="248" t="618" l="235">
                                <formatting ff="Courier New" fs="8.5">
                                    <wordRecVariants>
                                        <wordRecVariant b="632" r="248" t="618" l="235">B</wordRecVariant>
                                    </wordRecVariants>
                                </formatting>
                            </line>
                        </par>
                    </text>
                </cell>
                <cell height="61" width="614" b="657" r="898" t="596" l="284">
                    <text>
                        <par>
                            <line baseline="633" b="638" r="555" t="617" l="302">
                                <formatting ff="Courier New" fs="8.5">
                                    <wordRecVariants>
                                        <wordRecVariant b="633" r="372" t="618" l="302">175mm</wordRecVariant>
                                        <wordRecVariant b="633" r="400" t="622" l="386">x</wordRecVariant>
                                        <wordRecVariant b="633" r="486" t="619" l="416">175mm</wordRecVariant>
                                        <wordRecVariant b="638" r="555" t="617" l="499">pile</wordRecVariant>
                                    </wordRecVariants>
                                </formatting>
                            </line>
                        </par>
                    </text>
                </cell>
                <cell height="61" width="125" b="657" r="1023" t="596" l="898">
                    <text>
                        <par>
                            <line baseline="634" b="634" r="978" t="620" l="940">
                                <formatting ff="Courier New" fs="8.5">
                                    <wordRecVariants>
                                        <wordRecVariant b="634" r="978" t="620" l="940">No.</wordRecVariant>
                                    </wordRecVariants>
                                </formatting>
                            </line>
                        </par>
                    </text>
                </cell>
                <cell height="61" width="200" b="657" r="1223" t="596" l="1023">
                    <text>
                        <par>
                            <line baseline="-1" b="0" r="0" t="0" l="0">
                                <formatting ff="Courier New" fs="8.5">
                                    <wordRecVariants/>
                                </formatting>
                            </line>
                        </par>
                    </text>
                </cell>
                <cell height="61" width="175" b="657" r="1398" t="596" l="1223">
                    <text>
                        <par>
                            <line baseline="635" b="635" r="1379" t="621" l="1339">
                                <formatting ff="Courier New" fs="8.5">
                                    <wordRecVariants>
                                        <wordRecVariant b="635" r="1379" t="621" l="1339">450</wordRecVariant>
                                    </wordRecVariants>
                                </formatting>
                            </line>
                        </par>
                    </text>
                </cell>
                <cell height="61" width="274" b="657" r="1672" t="596" l="1398">
                    <text>
                        <par>
                            <line baseline="-1" b="0" r="0" t="0" l="0">
                                <formatting ff="Courier New" fs="8.5">
                                    <wordRecVariants/>
                                </formatting>
                            </line>
                        </par>
                    </text>
                </cell>
                <cell height="61" width="176" b="657" r="1848" t="596" l="1672">
                    <text>
                        <par>
                            <line baseline="637" b="637" r="1829" t="622" l="1789">
                                <formatting ff="Courier New" fs="8.5">
                                    <wordRecVariants>
                                        <wordRecVariant b="637" r="1829" t="622" l="1789">450</wordRecVariant>
                                    </wordRecVariants>
                                </formatting>
                            </line>
                        </par>
                    </text>
                </cell>
                <cell height="61" width="279" b="657" r="2127" t="596" l="1848">
                    <text>
                        <par>
                            <line baseline="-1" b="0" r="0" t="0" l="0">
                                <formatting ff="Courier New" fs="8.5">
                                    <wordRecVariants/>
                                </formatting>
                            </line>
                        </par>
                    </text>
                </cell>
            </row>
            <row>
                <cell height="60" width="92" b="717" r="284" t="657" l="192">
                    <text>
                        <par>
                            <line baseline="694" b="694" r="271" t="675" l="236">
                                <formatting ff="Courier New" fs="8.5">
                                    <wordRecVariants>
                                        <wordRecVariant b="694" r="248" t="679" l="236">C</wordRecVariant>
                                        <wordRecVariant b="679" r="271" t="675" l="267">'</wordRecVariant>
                                    </wordRecVariants>
                                </formatting>
                            </line>
                        </par>
                    </text>
                </cell>
                <cell height="60" width="614" b="717" r="898" t="657" l="284">
                    <text>
                        <par>
                            <line baseline="694" b="699" r="555" t="678" l="301">
                                <formatting ff="Courier New" fs="8.5">
                                    <wordRecVariants>
                                        <wordRecVariant b="694" r="372" t="679" l="301">200mm</wordRecVariant>
                                        <wordRecVariant b="694" r="400" t="683" l="386">x</wordRecVariant>
                                        <wordRecVariant b="694" r="486" t="680" l="415">200mm</wordRecVariant>
                                        <wordRecVariant b="699" r="555" t="678" l="499">pile</wordRecVariant>
                                    </wordRecVariants>
                                </formatting>
                            </line>
                        </par>
                    </text>
                </cell>
                <cell height="60" width="125" b="717" r="1023" t="657" l="898">
                    <text>
                        <par>
                            <line baseline="695" b="695" r="978" t="681" l="940">
                                <formatting ff="Courier New" fs="8.5">
                                    <wordRecVariants>
                                        <wordRecVariant b="695" r="978" t="681" l="940">No.</wordRecVariant>
                                    </wordRecVariants>
                                </formatting>
                            </line>
                        </par>
                    </text>
                </cell>
                <cell height="60" width="200" b="717" r="1223" t="657" l="1023">
                    <text>
                        <par>
                            <line baseline="-1" b="0" r="0" t="0" l="0">
                                <formatting ff="Courier New" fs="8.5">
                                    <wordRecVariants/>
                                </formatting>
                            </line>
                        </par>
                    </text>
                </cell>
                <cell height="60" width="175" b="717" r="1398" t="657" l="1223">
                    <text>
                        <par>
                            <line baseline="696" b="699" r="1379" t="682" l="1312">
                                <formatting ff="Courier New" fs="8.5">
                                    <wordRecVariants>
                                        <wordRecVariant b="699" r="1379" t="682" l="1312">5,877</wordRecVariant>
                                    </wordRecVariants>
                                </formatting>
                            </line>
                        </par>
                    </text>
                </cell>
                <cell height="60" width="274" b="717" r="1672" t="657" l="1398">
                    <text>
                        <par>
                            <line baseline="-1" b="0" r="0" t="0" l="0">
                                <formatting ff="Courier New" fs="8.5">
                                    <wordRecVariants/>
                                </formatting>
                            </line>
                        </par>
                    </text>
                </cell>
                <cell height="60" width="176" b="717" r="1848" t="657" l="1672">
                    <text>
                        <par>
                            <line baseline="698" b="700" r="1829" t="683" l="1762">
                                <formatting ff="Courier New" fs="8.5">
                                    <wordRecVariants>
                                        <wordRecVariant b="700" r="1829" t="683" l="1762">1,890</wordRecVariant>
                                    </wordRecVariants>
                                </formatting>
                            </line>
                        </par>
                    </text>
                </cell>
                <cell height="60" width="279" b="717" r="2127" t="657" l="1848">
                    <text>
                        <par>
                            <line baseline="-1" b="0" r="0" t="0" l="0">
                                <formatting ff="Courier New" fs="8.5">
                                    <wordRecVariants/>
                                </formatting>
                            </line>
                        </par>
                    </text>
                </cell>
            </row>
            <row>
                <cell height="46" width="92" b="763" r="284" t="717" l="192">
                    <text>
                        <par>
                            <line baseline="-1" b="0" r="0" t="0" l="0">
                                <formatting ff="Courier New" fs="8.5">
                                    <wordRecVariants/>
                                </formatting>
                            </line>
                        </par>
                    </text>
                </cell>
                <cell height="46" width="614" b="763" r="898" t="717" l="284">
                    <text>
                        <par>
                            <line baseline="755" b="758" r="868" t="738" l="301">
                                <formatting ff="Courier New" fs="8.5">
                                    <wordRecVariants>
                                        <wordRecVariant b="758" r="455" t="738" l="301">Cuttinq-off</wordRecVariant>
                                        <wordRecVariant b="758" r="555" t="738" l="499">pile</wordRecVariant>
                                        <wordRecVariant b="755" r="668" t="739" l="599">heads</wordRecVariant>
                                        <wordRecVariant b="756" r="726" t="741" l="700">to</wordRecVariant>
                                        <wordRecVariant b="758" r="868" t="739" l="756">required</wordRecVariant>
                                    </wordRecVariants>
                                </formatting>
                            </line>
                        </par>
                    </text>
                </cell>
                <cell height="46" width="125" b="763" r="1023" t="717" l="898">
                    <text>
                        <par>
                            <line baseline="-1" b="0" r="0" t="0" l="0">
                                <formatting ff="Courier New" fs="8.5">
                                    <wordRecVariants/>
                                </formatting>
                            </line>
                        </par>
                    </text>
                </cell>
                <cell height="46" width="200" b="763" r="1223" t="717" l="1023">
                    <text>
                        <par>
                            <line baseline="-1" b="0" r="0" t="0" l="0">
                                <formatting ff="Courier New" fs="8.5">
                                    <wordRecVariants/>
                                </formatting>
                            </line>
                        </par>
                    </text>
                </cell>
                <cell height="46" width="175" b="763" r="1398" t="717" l="1223">
                    <text>
                        <par>
                            <line baseline="-1" b="0" r="0" t="0" l="0">
                                <formatting ff="Courier New" fs="8.5">
                                    <wordRecVariants/>
                                </formatting>
                            </line>
                        </par>
                    </text>
                </cell>
                <cell height="46" width="274" b="763" r="1672" t="717" l="1398">
                    <text>
                        <par>
                            <line baseline="-1" b="0" r="0" t="0" l="0">
                                <formatting ff="Courier New" fs="8.5">
                                    <wordRecVariants/>
                                </formatting>
                            </line>
                        </par>
                    </text>
                </cell>
                <cell height="46" width="176" b="763" r="1848" t="717" l="1672">
                    <text>
                        <par>
                            <line baseline="-1" b="0" r="0" t="0" l="0">
                                <formatting ff="Courier New" fs="8.5">
                                    <wordRecVariants/>
                                </formatting>
                            </line>
                        </par>
                    </text>
                </cell>
                <cell height="46" width="279" b="763" r="2127" t="717" l="1848">
                    <text>
                        <par>
                            <line baseline="-1" b="0" r="0" t="0" l="0">
                                <formatting ff="Courier New" fs="8.5">
                                    <wordRecVariants/>
                                </formatting>
                            </line>
                        </par>
                    </text>
                </cell>
            </row>
            <row>
                <cell height="31" width="92" b="794" r="284" t="763" l="192">
                    <text>
                        <par>
                            <line baseline="-1" b="0" r="0" t="0" l="0">
                                <formatting ff="Courier New" fs="8.5">
                                    <wordRecVariants/>
                                </formatting>
                            </line>
                        </par>
                    </text>
                </cell>
                <cell height="31" width="614" b="794" r="898" t="763" l="284">
                    <text>
                        <par>
                            <line baseline="786" b="789" r="867" t="769" l="302">
                                <formatting ff="Courier New" fs="8.5">
                                    <wordRecVariants>
                                        <wordRecVariant b="786" r="384" t="770" l="302">levels</wordRecVariant>
                                        <wordRecVariant b="789" r="527" t="769" l="401">includinq</wordRecVariant>
                                        <wordRecVariant b="789" r="669" t="770" l="541">preparinq</wordRecVariant>
                                        <wordRecVariant b="787" r="867" t="770" l="685">reinforcement</wordRecVariant>
                                    </wordRecVariants>
                                </formatting>
                            </line>
                        </par>
                    </text>
                </cell>
                <cell height="31" width="125" b="794" r="1023" t="763" l="898">
                    <text>
                        <par>
                            <line baseline="-1" b="0" r="0" t="0" l="0">
                                <formatting ff="Courier New" fs="8.5">
                                    <wordRecVariants/>
                                </formatting>
                            </line>
                        </par>
                    </text>
                </cell>
                <cell height="31" width="200" b="794" r="1223" t="763" l="1023">
                    <text>
                        <par>
                            <line baseline="-1" b="0" r="0" t="0" l="0">
                                <formatting ff="Courier New" fs="8.5">
                                    <wordRecVariants/>
                                </formatting>
                            </line>
                        </par>
                    </text>
                </cell>
                <cell height="31" width="175" b="794" r="1398" t="763" l="1223">
                    <text>
                        <par>
                            <line baseline="-1" b="0" r="0" t="0" l="0">
                                <formatting ff="Courier New" fs="8.5">
                                    <wordRecVariants/>
                                </formatting>
                            </line>
                        </par>
                    </text>
                </cell>
                <cell height="31" width="274" b="794" r="1672" t="763" l="1398">
                    <text>
                        <par>
                            <line baseline="-1" b="0" r="0" t="0" l="0">
                                <formatting ff="Courier New" fs="8.5">
                                    <wordRecVariants/>
                                </formatting>
                            </line>
                        </par>
                    </text>
                </cell>
                <cell height="31" width="176" b="794" r="1848" t="763" l="1672">
                    <text>
                        <par>
                            <line baseline="-1" b="0" r="0" t="0" l="0">
                                <formatting ff="Courier New" fs="8.5">
                                    <wordRecVariants/>
                                </formatting>
                            </line>
                        </par>
                    </text>
                </cell>
                <cell height="31" width="279" b="794" r="2127" t="763" l="1848">
                    <text>
                        <par>
                            <line baseline="-1" b="0" r="0" t="0" l="0">
                                <formatting ff="Courier New" fs="8.5">
                                    <wordRecVariants/>
                                </formatting>
                            </line>
                        </par>
                    </text>
                </cell>
            </row>
            <row>
                <cell height="31" width="92" b="825" r="284" t="794" l="192">
                    <text>
                        <par>
                            <line baseline="-1" b="0" r="0" t="0" l="0">
                                <formatting ff="Courier New" fs="8.5">
                                    <wordRecVariants/>
                                </formatting>
                            </line>
                        </par>
                    </text>
                </cell>
                <cell height="31" width="614" b="825" r="898" t="794" l="284">
                    <text>
                        <par>
                            <line baseline="817" b="819" r="867" t="800" l="302">
                                <formatting ff="Courier New" fs="8.5">
                                    <wordRecVariants>
                                        <wordRecVariant b="817" r="342" t="801" l="302">for</wordRecVariant>
                                        <wordRecVariant b="817" r="513" t="800" l="372">connection</wordRecVariant>
                                        <wordRecVariant b="817" r="570" t="801" l="528">and</wordRecVariant>
                                        <wordRecVariant b="819" r="698" t="801" l="585">removinq</wordRecVariant>
                                        <wordRecVariant b="818" r="753" t="802" l="713">all</wordRecVariant>
                                        <wordRecVariant b="819" r="867" t="802" l="770">surplus</wordRecVariant>
                                    </wordRecVariants>
                                </formatting>
                            </line>
                        </par>
                    </text>
                </cell>
                <cell height="31" width="125" b="825" r="1023" t="794" l="898">
                    <text>
                        <par>
                            <line baseline="-1" b="0" r="0" t="0" l="0">
                                <formatting ff="Courier New" fs="8.5">
                                    <wordRecVariants/>
                                </formatting>
                            </line>
                        </par>
                    </text>
                </cell>
                <cell height="31" width="200" b="825" r="1223" t="794" l="1023">
                    <text>
                        <par>
                            <line baseline="-1" b="0" r="0" t="0" l="0">
                                <formatting ff="Courier New" fs="8.5">
                                    <wordRecVariants/>
                                </formatting>
                            </line>
                        </par>
                    </text>
                </cell>
                <cell height="31" width="175" b="825" r="1398" t="794" l="1223">
                    <text>
                        <par>
                            <line baseline="-1" b="0" r="0" t="0" l="0">
                                <formatting ff="Courier New" fs="8.5">
                                    <wordRecVariants/>
                                </formatting>
                            </line>
                        </par>
                    </text>
                </cell>
                <cell height="31" width="274" b="825" r="1672" t="794" l="1398">
                    <text>
                        <par>
                            <line baseline="-1" b="0" r="0" t="0" l="0">
                                <formatting ff="Courier New" fs="8.5">
                                    <wordRecVariants/>
                                </formatting>
                            </line>
                        </par>
                    </text>
                </cell>
                <cell height="31" width="176" b="825" r="1848" t="794" l="1672">
                    <text>
                        <par>
                            <line baseline="-1" b="0" r="0" t="0" l="0">
                                <formatting ff="Courier New" fs="8.5">
                                    <wordRecVariants/>
                                </formatting>
                            </line>
                        </par>
                    </text>
                </cell>
                <cell height="31" width="279" b="825" r="2127" t="794" l="1848">
                    <text>
                        <par>
                            <line baseline="-1" b="0" r="0" t="0" l="0">
                                <formatting ff="Courier New" fs="8.5">
                                    <wordRecVariants/>
                                </formatting>
                            </line>
                        </par>
                    </text>
                </cell>
            </row>
            <row>
                <cell height="46" width="92" b="871" r="284" t="825" l="192">
                    <text>
                        <par>
                            <line baseline="-1" b="0" r="0" t="0" l="0">
                                <formatting ff="Courier New" fs="8.5">
                                    <wordRecVariants/>
                                </formatting>
                            </line>
                        </par>
                    </text>
                </cell>
                <cell height="46" width="614" b="871" r="898" t="825" l="284">
                    <text>
                        <par>
                            <line baseline="847" b="850" r="736" t="831" l="302">
                                <formatting ff="Courier New" fs="8.5">
                                    <wordRecVariants>
                                        <wordRecVariant b="850" r="385" t="831" l="302">lenqth</wordRecVariant>
                                        <wordRecVariant b="847" r="442" t="832" l="400">and</wordRecVariant>
                                        <wordRecVariant b="848" r="540" t="831" l="457">debris</wordRecVariant>
                                        <wordRecVariant b="848" r="597" t="832" l="557">off</wordRecVariant>
                                        <wordRecVariant b="848" r="654" t="832" l="614">the</wordRecVariant>
                                        <wordRecVariant b="848" r="736" t="831" l="671">site:</wordRecVariant>
                                    </wordRecVariants>
                                </formatting>
                            </line>
                        </par>
                    </text>
                </cell>
                <cell height="46" width="125" b="871" r="1023" t="825" l="898">
                    <text>
                        <par>
                            <line baseline="-1" b="0" r="0" t="0" l="0">
                                <formatting ff="Courier New" fs="8.5">
                                    <wordRecVariants/>
                                </formatting>
                            </line>
                        </par>
                    </text>
                </cell>
                <cell height="46" width="200" b="871" r="1223" t="825" l="1023">
                    <text>
                        <par>
                            <line baseline="-1" b="0" r="0" t="0" l="0">
                                <formatting ff="Courier New" fs="8.5">
                                    <wordRecVariants/>
                                </formatting>
                            </line>
                        </par>
                    </text>
                </cell>
                <cell height="46" width="175" b="871" r="1398" t="825" l="1223">
                    <text>
                        <par>
                            <line baseline="-1" b="0" r="0" t="0" l="0">
                                <formatting ff="Courier New" fs="8.5">
                                    <wordRecVariants/>
                                </formatting>
                            </line>
                        </par>
                    </text>
                </cell>
                <cell height="46" width="274" b="871" r="1672" t="825" l="1398">
                    <text>
                        <par>
                            <line baseline="-1" b="0" r="0" t="0" l="0">
                                <formatting ff="Courier New" fs="8.5">
                                    <wordRecVariants/>
                                </formatting>
                            </line>
                        </par>
                    </text>
                </cell>
                <cell height="46" width="176" b="871" r="1848" t="825" l="1672">
                    <text>
                        <par>
                            <line baseline="-1" b="0" r="0" t="0" l="0">
                                <formatting ff="Courier New" fs="8.5">
                                    <wordRecVariants/>
                                </formatting>
                            </line>
                        </par>
                    </text>
                </cell>
                <cell height="46" width="279" b="871" r="2127" t="825" l="1848">
                    <text>
                        <par>
                            <line baseline="-1" b="0" r="0" t="0" l="0">
                                <formatting ff="Courier New" fs="8.5">
                                    <wordRecVariants/>
                                </formatting>
                            </line>
                        </par>
                    </text>
                </cell>
            </row>
            <row>
                <cell height="62" width="92" b="933" r="284" t="871" l="192">
                    <text>
                        <par>
                            <line baseline="909" b="909" r="247" t="895" l="234">
                                <formatting ff="Courier New" fs="8.5">
                                    <wordRecVariants>
                                        <wordRecVariant b="909" r="247" t="895" l="234">D</wordRecVariant>
                                    </wordRecVariants>
                                </formatting>
                            </line>
                        </par>
                    </text>
                </cell>
                <cell height="62" width="614" b="933" r="898" t="871" l="284">
                    <text>
                        <par>
                            <line baseline="909" b="914" r="554" t="893" l="301">
                                <formatting ff="Courier New" fs="8.5">
                                    <wordRecVariants>
                                        <wordRecVariant b="909" r="371" t="895" l="301">150mm</wordRecVariant>
                                        <wordRecVariant b="909" r="399" t="898" l="385">x</wordRecVariant>
                                        <wordRecVariant b="910" r="485" t="895" l="415">150mm</wordRecVariant>
                                        <wordRecVariant b="914" r="554" t="893" l="499">pile</wordRecVariant>
                                    </wordRecVariants>
                                </formatting>
                            </line>
                        </par>
                    </text>
                </cell>
                <cell height="62" width="125" b="933" r="1023" t="871" l="898">
                    <text>
                        <par>
                            <line baseline="910" b="910" r="968" t="896" l="954">
                                <formatting ff="Courier New" fs="8.5">
                                    <wordRecVariants>
                                        <wordRecVariant b="910" r="968" t="896" l="954">M</wordRecVariant>
                                    </wordRecVariants>
                                </formatting>
                            </line>
                        </par>
                    </text>
                </cell>
                <cell height="62" width="200" b="933" r="1223" t="871" l="1023">
                    <text>
                        <par>
                            <line baseline="-1" b="0" r="0" t="0" l="0">
                                <formatting ff="Courier New" fs="8.5">
                                    <wordRecVariants/>
                                </formatting>
                            </line>
                        </par>
                    </text>
                </cell>
                <cell height="62" width="175" b="933" r="1398" t="871" l="1223">
                    <text>
                        <par>
                            <line baseline="911" b="911" r="1378" t="896" l="1340">
                                <formatting ff="Courier New" fs="8.5">
                                    <wordRecVariants>
                                        <wordRecVariant b="911" r="1378" t="896" l="1340">174</wordRecVariant>
                                    </wordRecVariants>
                                </formatting>
                            </line>
                        </par>
                    </text>
                </cell>
                <cell height="62" width="274" b="933" r="1672" t="871" l="1398">
                    <text>
                        <par>
                            <line baseline="-1" b="0" r="0" t="0" l="0">
                                <formatting ff="Courier New" fs="8.5">
                                    <wordRecVariants/>
                                </formatting>
                            </line>
                        </par>
                    </text>
                </cell>
                <cell height="62" width="176" b="933" r="1848" t="871" l="1672">
                    <text>
                        <par>
                            <line baseline="912" b="912" r="1828" t="897" l="1789">
                                <formatting ff="Courier New" fs="8.5">
                                    <wordRecVariants>
                                        <wordRecVariant b="912" r="1828" t="897" l="1789">174</wordRecVariant>
                                    </wordRecVariants>
                                </formatting>
                            </line>
                        </par>
                    </text>
                </cell>
                <cell height="62" width="279" b="933" r="2127" t="871" l="1848">
                    <text>
                        <par>
                            <line baseline="-1" b="0" r="0" t="0" l="0">
                                <formatting ff="Courier New" fs="8.5">
                                    <wordRecVariants/>
                                </formatting>
                            </line>
                        </par>
                    </text>
                </cell>
            </row>
            <row>
                <cell height="61" width="92" b="994" r="284" t="933" l="192">
                    <text>
                        <par>
                            <line baseline="970" b="970" r="247" t="956" l="234">
                                <formatting ff="Courier New" fs="8.5">
                                    <wordRecVariants>
                                        <wordRecVariant b="970" r="247" t="956" l="234">E</wordRecVariant>
                                    </wordRecVariants>
                                </formatting>
                            </line>
                        </par>
                    </text>
                </cell>
                <cell height="61" width="614" b="994" r="898" t="933" l="284">
                    <text>
                        <par>
                            <line baseline="971" b="975" r="554" t="954" l="301">
                                <formatting ff="Courier New" fs="8.5">
                                    <wordRecVariants>
                                        <wordRecVariant b="971" r="371" t="956" l="301">175mm</wordRecVariant>
                                        <wordRecVariant b="971" r="399" t="959" l="385">x</wordRecVariant>
                                        <wordRecVariant b="971" r="485" t="956" l="415">175mm</wordRecVariant>
                                        <wordRecVariant b="975" r="554" t="954" l="498">pile</wordRecVariant>
                                    </wordRecVariants>
                                </formatting>
                            </line>
                        </par>
                    </text>
                </cell>
                <cell height="61" width="125" b="994" r="1023" t="933" l="898">
                    <text>
                        <par>
                            <line baseline="971" b="971" r="968" t="957" l="954">
                                <formatting ff="Courier New" fs="8.5">
                                    <wordRecVariants>
                                        <wordRecVariant b="971" r="968" t="957" l="954">M</wordRecVariant>
                                    </wordRecVariants>
                                </formatting>
                            </line>
                        </par>
                    </text>
                </cell>
                <cell height="61" width="200" b="994" r="1223" t="933" l="1023">
                    <text>
                        <par>
                            <line baseline="-1" b="0" r="0" t="0" l="0">
                                <formatting ff="Courier New" fs="8.5">
                                    <wordRecVariants/>
                                </formatting>
                            </line>
                        </par>
                    </text>
                </cell>
                <cell height="61" width="175" b="994" r="1398" t="933" l="1223">
                    <text>
                        <par>
                            <line baseline="972" b="972" r="1378" t="958" l="1340">
                                <formatting ff="Courier New" fs="8.5">
                                    <wordRecVariants>
                                        <wordRecVariant b="972" r="1378" t="958" l="1340">150</wordRecVariant>
                                    </wordRecVariants>
                                </formatting>
                            </line>
                        </par>
                    </text>
                </cell>
                <cell height="61" width="274" b="994" r="1672" t="933" l="1398">
                    <text>
                        <par>
                            <line baseline="-1" b="0" r="0" t="0" l="0">
                                <formatting ff="Courier New" fs="8.5">
                                    <wordRecVariants/>
                                </formatting>
                            </line>
                        </par>
                    </text>
                </cell>
                <cell height="61" width="176" b="994" r="1848" t="933" l="1672">
                    <text>
                        <par>
                            <line baseline="973" b="973" r="1828" t="958" l="1789">
                                <formatting ff="Courier New" fs="8.5">
                                    <wordRecVariants>
                                        <wordRecVariant b="973" r="1828" t="958" l="1789">150</wordRecVariant>
                                    </wordRecVariants>
                                </formatting>
                            </line>
                        </par>
                    </text>
                </cell>
                <cell height="61" width="279" b="994" r="2127" t="933" l="1848">
                    <text>
                        <par>
                            <line baseline="-1" b="0" r="0" t="0" l="0">
                                <formatting ff="Courier New" fs="8.5">
                                    <wordRecVariants/>
                                </formatting>
                            </line>
                        </par>
                    </text>
                </cell>
            </row>
            <row>
                <cell height="494" width="92" b="1488" r="284" t="994" l="192">
                    <text>
                        <par>
                            <line baseline="1031" b="1031" r="247" t="1017" l="234">
                                <formatting ff="Courier New" fs="8.5">
                                    <wordRecVariants>
                                        <wordRecVariant b="1031" r="247" t="1017" l="234">F</wordRecVariant>
                                    </wordRecVariants>
                                </formatting>
                            </line>
                        </par>
                    </text>
                </cell>
                <cell height="494" width="614" b="1488" r="898" t="994" l="284">
                    <text>
                        <par>
                            <line baseline="1032" b="1037" r="554" t="1015" l="301">
                                <formatting ff="Courier New" fs="8.5">
                                    <wordRecVariants>
                                        <wordRecVariant b="1032" r="371" t="1017" l="301">200mm</wordRecVariant>
                                        <wordRecVariant b="1032" r="399" t="1020" l="385">x</wordRecVariant>
                                        <wordRecVariant b="1032" r="485" t="1017" l="414">200mm</wordRecVariant>
                                        <wordRecVariant b="1037" r="554" t="1015" l="498">pile</wordRecVariant>
                                    </wordRecVariants>
                                </formatting>
                            </line>
                        </par>
                    </text>
                </cell>
                <cell height="494" width="125" b="1488" r="1023" t="994" l="898">
                    <text>
                        <par>
                            <line baseline="1033" b="1033" r="974" t="1018" l="946">
                                <formatting ff="Courier New" fs="8.5">
                                    <wordRecVariants>
                                        <wordRecVariant b="1033" r="974" t="1018" l="946">No</wordRecVariant>
                                    </wordRecVariants>
                                </formatting>
                            </line>
                        </par>
                    </text>
                </cell>
                <cell height="494" width="200" b="1488" r="1223" t="994" l="1023">
                    <text>
                        <par>
                            <line baseline="-1" b="0" r="0" t="0" l="0">
                                <formatting ff="Courier New" fs="8.5">
                                    <wordRecVariants/>
                                </formatting>
                            </line>
                        </par>
                    </text>
                </cell>
                <cell height="494" width="175" b="1488" r="1398" t="994" l="1223">
                    <text>
                        <par>
                            <line baseline="1034" b="1036" r="1378" t="1019" l="1311">
                                <formatting ff="Courier New" fs="8.5">
                                    <wordRecVariants>
                                        <wordRecVariant b="1036" r="1332" t="1019" l="1311">1,</wordRecVariant>
                                        <wordRecVariant b="1034" r="1378" t="1019" l="1340">959</wordRecVariant>
                                    </wordRecVariants>
                                </formatting>
                            </line>
                        </par>
                    </text>
                </cell>
                <cell height="494" width="274" b="1488" r="1672" t="994" l="1398">
                    <text>
                        <par>
                            <line baseline="-1" b="0" r="0" t="0" l="0">
                                <formatting ff="Courier New" fs="8.5">
                                    <wordRecVariants/>
                                </formatting>
                            </line>
                        </par>
                    </text>
                </cell>
                <cell height="494" width="176" b="1488" r="1848" t="994" l="1672">
                    <text>
                        <par>
                            <line baseline="1034" b="1034" r="1828" t="1020" l="1789">
                                <formatting ff="Courier New" fs="8.5">
                                    <wordRecVariants>
                                        <wordRecVariant b="1034" r="1828" t="1020" l="1789">630</wordRecVariant>
                                    </wordRecVariants>
                                </formatting>
                            </line>
                        </par>
                    </text>
                </cell>
                <cell height="494" width="279" b="1488" r="2127" t="994" l="1848">
                    <text>
                        <par>
                            <line baseline="-1" b="0" r="0" t="0" l="0">
                                <formatting ff="Courier New" fs="8.5">
                                    <wordRecVariants/>
                                </formatting>
                            </line>
                        </par>
                    </text>
                </cell>
            </row>
        </block>
        <block blockType="text" b="1535" r="1215" t="1509" l="958">
            <text>
                <par>
                    <line baseline="1529" b="1531" r="1211" t="1513" l="962">
                        <formatting ff="Courier New" fs="8.5">
                            <wordRecVariants>
                                <wordRecVariant b="1529" r="990" t="1515" l="962">To</wordRecVariant>
                                <wordRecVariant b="1529" r="1147" t="1513" l="1006">Collection</wordRecVariant>
                                <wordRecVariant b="1531" r="1211" t="1513" l="1166">(RM)</wordRecVariant>
                            </wordRecVariants>
                        </formatting>
                    </line>
                </par>
            </text>
        </block>
        <block blockType="text" b="1627" r="609" t="1571" l="194">
            <text>
                <par>
                    <line baseline="1591" b="1593" r="420" t="1575" l="198">
                        <formatting ff="Courier New" fs="8.5">
                            <wordRecVariants>
                                <wordRecVariant b="1593" r="267" t="1575" l="198">BQ647</wordRecVariant>
                                <wordRecVariant b="1591" r="383" t="1576" l="272">-P1A-MBW</wordRecVariant>
                                <wordRecVariant b="1593" r="420" t="1575" l="389">(1)</wordRecVariant>
                            </wordRecVariants>
                        </formatting>
                    </line>
                </par>
                <par>
                    <line baseline="1623" b="1623" r="605" t="1608" l="198">
                        <formatting ff="Courier New" fs="8.5">
                            <wordRecVariants>
                                <wordRecVariant b="1623" r="326" t="1608" l="198">PERUNDING</wordRecVariant>
                                <wordRecVariant b="1623" r="381" t="1608" l="340">KOS</wordRecVariant>
                                <wordRecVariant b="1623" r="411" t="1609" l="397">T</wordRecVariant>
                                <wordRecVariant b="1623" r="439" t="1610" l="427">&amp;</wordRecVariant>
                                <wordRecVariant b="1623" r="468" t="1609" l="454">K</wordRecVariant>
                                <wordRecVariant b="1623" r="534" t="1609" l="483">SDN.</wordRecVariant>
                                <wordRecVariant b="1623" r="605" t="1609" l="553">BHD.</wordRecVariant>
                            </wordRecVariants>
                        </formatting>
                    </line>
                </par>
            </text>
        </block>
        <block blockType="text" b="1632" r="1257" t="1603" l="1165">
            <text>
                <par>
                    <line baseline="1624" b="1628" r="1253" t="1607" l="1169">
                        <formatting ff="Courier New" fs="7.5">
                            <wordRecVariants>
                                <wordRecVariant b="1624" r="1182" t="1610" l="1169">B</wordRecVariant>
                                <wordRecVariant b="1628" r="1253" t="1607" l="1188">.2/11</wordRecVariant>
                            </wordRecVariants>
                        </formatting>
                    </line>
                </par>
            </text>
        </block>
        <block blockType="text" b="1628" r="2120" t="1574" l="1844">
            <text>
                <par>
                    <line baseline="1594" b="1597" r="2116" t="1578" l="1848">
                        <formatting ff="Courier New" fs="8.5">
                            <wordRecVariants>
                                <wordRecVariant b="1594" r="1917" t="1578" l="1848">Bills</wordRecVariant>
                                <wordRecVariant b="1594" r="1961" t="1579" l="1934">Of</wordRecVariant>
                                <wordRecVariant b="1597" r="2116" t="1578" l="1976">Quantities</wordRecVariant>
                            </wordRecVariants>
                        </formatting>
                    </line>
                </par>
            </text>
        </block>
    </page>
</document>
